000,Welcome Back Tom!
001,Orbiter
002,Guess Who's Bach
003,SooperRezzy
004,Belgrade Bass
005,Plucked Arp
006,HoldAndWaitForlt
007,Broken EP
008,Mono Lead
009,TapSynthex
010,Snake's Synth
011,LoogielnTheSky
012,RubberGloveSeduction
013,Just Beat It
014,Soft Pipe Organ
015,Bromage
016,Useful Pad
017,DreamyTickChord
018,Overdrive4Evah
019,VoxNumana
020,Night Flight
021,ArpeggiatedFrenchman
022,Soft Brass
023,Electric Avenue
024,Stimmung
025,Concrete
026,Octave Drop
027,Prayers
028,New Syres
029,Antics Strings
030,Anchorman
031,OB Poly SAW
032,Vinces' Touch
033,DooptyDoop
034,ErraticBells
035,PaperBagsWithFoil
036,FilterModes
037,Overturning
038,Kommando
039,EnergeticArp
040,Metasynthetics
041,Ultra-Sheen
042,Rainy Xpander Pad
043,Sample & Ring
044,Titanium Swelling
045,Pulse
046,House Chord1
047,Shimmorchestral
048,Crush On You
049,A Guy Called OB
050,Play It Slow
051,Ring Modder
052,Tibetan Bell
053,Xpanded Orchestral
054,ItCameFromTheJungle
055,AndroidSpaceKittens
056,Scrape The Spring
057,Modular Noises
058,Stynker
059,Back to Basics
060,Spit
061,FM Filter Sweep
062,OB Flute
063,Traces
064,Unison Bass
065,Generator
066,Latent Motion
067,Parthenia
068,Battery Acid
069,Snth Pop Bass
070,Statocoaster
071,Forefront Keys
072,Pulse Bass
073,StarStuck
074,Future Percussion 2
075,Elec Waves Keys
076,Hollow Delayed
077,Intrinsic
078,Vista
079,Limbo
080,Bright Strings
081,Sierras
082,Pure OB Brass
083,Index
084,Mass Driver
085,Buzzy Arp
086,X-Mod Pad
087,Thin Keys
088,Norphaser
089,No Words Strings
090,Noisy Cricket
091,Acid Cavey
092,BellyOfTheBeast
093,Zarte Verfuefrung
094,Electron Swell
095,Panopticon Burst
096,Ring Toss
097,BerlinMysteries
098,Spacewalk
099,Bad Code
100,DirtyWowLead
101,Tri Seq
102,Victory
103,Body Bass
104,Bronze Pad
105,Filter Fantasy
106,Frantic Filters
107,BambooStraws
108,Metal Bent Forest
109,Shimmer Key
110,Squareclavier
111,Echolot Lead
112,Variscope Lead
113,Xpansions
114,All Is Lost
115,Brite Pad
116,Rythm Bass
117,Vlad's Lovely Arp
118,Folding Facets
119,Subtrapper Distorted
120,SubtlePad
121,Super Sync Lead
122,Error Piano
123,BallsyBass
124,Metallimba
125,Classic Bass
126,PhasedKlavier
127,OB-84
128,Arp Wave
129,DryOBbrass
130,Wavegrinder
131,Trembello
132,Hidden Valley
133,PitchyAttacker
134,Bright Pluck
135,Shout!
136,London Fog
137,Station2SpaceStation
138,OB Piano
139,PhasedHum
140,PowerLines Pad
141,Burst
142,Into The White
143,Berlin Too
144,The Longest Repat
145,Time Lapse
146,VR Rift
147,Groove Seq
148,Classic Arp
149,Knife's Depth
150,Notched Wobble
151,Terrordome
152,Greek Expressionist
153,OB Squared
154,Harmonic Cannon
155,Untuned Bells
156,Bowed Glass Orch
157,Ghost Tines
158,Sponge Bass
159,Vowel Movement
160,Regal String
161,Pulsation
162,Dance Of The Rings
163,Eurail Pass
164,Keep On Dancing
165,DecoPad
166,CruiseControl
167,EasyFweep
168,Alexandria
169,Squarelead
170,Oh My Bass
171,HollowBassSeqSynth
172,Saloma
173,Gravitron
174,Arminta
175,Ampere
176,Kelvin
177,NicePlucker
178,SoggyBass
179,Short Wave Radio
180,Jellico
181,Superior
182,Hadron Collider
183,Micro Prayer
184,Release Swell
185,Turbo Lover
186,Old Romantic
187,ThinAmplitudes
188,SloppySide
189,Wurgle
190,Sex Object
191,ClompBass
192,LazyBrass
193,Brooding Bottom
194,Power Surge
195,OberNuman
196,Vantage
197,Tru Dreams
198,Ex Machina
199,Highway Five
200,I Dream of Phasing
201,BigBlackOber
202,Backwash
203,Syncbomb
204,Droplings
205,NotExactlyPipes
206,Long Sweep
207,Cold Lead
208,Variel
209,Frosty Morning
210,Infinity
211,Clones
212,SpittyBrass
213,DreamPadlnOctaves
214,Of A Time And Place
215,Harpsichord
216,B-Six
217,Halifax
218,303 Bass
219,O Lead
220,Hero-6
221,Regal Space Strings
222,Science Spots
223,Domino
224,Bandpassed
225,OB TechFunk Bass
226,UncertainEvolutions
227,Pharpsichord
228,MotherMayl
229,RingyThingee
230,ArpeggiatedDirt
231,RunnerRunner
232,OBPPG
233,Drop Tune Brass
234,S-Lab Start
235,Remember When
236,Collidope
237,Don'tYouForgetAbout
238,SpringLead
239,Higeggio
240,GatedPoly
241,UrgentElectronica
242,BarelyThere
243,Shifted Strings
244,LovelyChord
245,OldSkoolGameLead
246,Saticoy
247,MoonBand
248,SynDy'ier
249,Pad Movement
250,Ober8000
251,House Chord2
252,OB Organ
253,FO Delays
254,Strange Phase
255,5th Wheel
256,Mind Stretch
257,Royal Orch
258,News & Information
259,Borken ROM
260,Nylon Non-guitar
261,Fantasia
262,Exit Hyperspace
263,Phased String Ensemb
264,Looking at the Peach
265,A Striking ReSEMblance
266,Burnt Rubber Arp
267,Tension Is Rising
268,DeepBass
269,Long Winter kiss
270,Sgroom
271,Easter Sync
272,Bubbleriser
273,Whistle ARP
274,HP Sweecho
275,Sport Final
276,Bright Keys
277,Genetics
278,VeloTrance
279,Ohms
280,Zelsah
281,Orion
282,NeutralityPluck
283,Hymnal Pipes
284,Glassy Balafon
285,Oblique Strings
286,80s Bass
287,Long Hold Solo
288,Electro Burb
289,Scatter Brain
290,FO Rate Is The Key
291,White Nightmare
292,Stepping Pad
293,TinTones
294,SEMipeggiator
295,Fairy Land
296,LoudProudLead
297,Ventana
298,WiggleSide
299,Dramatic Phase
300,SequenceMe
301,Voice From Above
302,DrySquare
303,Ober60
304,PannerClav
305,Commodore 65
306,GrittyBriteBass
307,RezzyBrass
308,Quadratura
309,Early 80's
310,TinTones2
311,GrandBrassyX
312,Bassive Mass
313,PhaseZoink
314,Lonely Planet
315,Vowels '83
316,HaryAttack
317,Gwowzichord
318,Fizzy Brass
319,LongPhaseyPad
320,SmakBass
321,Follow Me!
322,Reverse Beginnings
323,Ring Voice
324,WoaWoaWoaWoa
325,Brahma
326,Crips House
327,DontGetExcited
328,Coolpeggiation
329,Gets Weird
330,Nova One
331,Machine Grind
332,TickyBubbles
333,RubberCoatedMetal
334,NeonChild
335,Pulserez
336,DistantDreams
337,Prash Bass
338,Jack The Lead
339,Coalesce
340,PourltOn
341,Snared
342,Ventana
343,Metal Beat
344,Clock T.W.O.
345,Sugarsweet
346,NosebombFactory
347,MumpyTremolo
348,TrillToy
349,FIngered Pluck
350,FizzyRezbubbler
351,MicroSEM
352,ClopClop
353,Curling Lines
354,DX-Xa
355,YaiYaiLights
356,What The?
357,Action Scene
358,Deep Raspy Bass
359,Thin And Stringy
360,Toy Typewriter
361,JoeBirdbass
362,LowBudgetScares
363,GorgonOrgon
364,BandAmpMod
365,Arpeggination
366,LostMelodiesOf80s
367,PerkyDirtOrgan
368,Harsh Chime
369,Noisy Chords
370,FM Bass
371,Brassy
372,Tight Lead
373,Adelinear
374,X-50
375,CalcuSlider
376,Bird's Eye
377,Synker Lead
378,Thunker
379,FlutterFilter
380,Sweep Sync Lead
381,Brass String Bells
382,PhwapBrass
383,BigHairBass
384,Phummmmmm
385,BuzzPluckyear
386,FatDrivingBass
387,AltRealityOrgan
388,Worbl
389,Tiny PortaPan
390,Crying Chord
391,Distorted Push
392,PlasticBass
393,Tuff Bass
394,ShortnBright
395,ResRise Pad
396,Dusty Mellow
397,Face ARP
398,The Dentist's Drill
399,Thunder Toad
400,Instant Intro
401,Hump Harmony
402,Little Bells
403,SinusPuncher
404,FMsyncpad
405,Phaslander
406,TelepathicMoment
407,Falling Bubbles
408,CasetteChorus
409,BrasseX
410,Chaos Winds
411,Hero Pad
412,BeKindRewind
413,Overblown Tone
414,Synbiano
415,Had This Thing
416,Fractal Intercourse
417,Talking Machine
418,Pianomorph
419,Almost Octaves
420,Famous Brass
421,Fast Filter
422,Bubbles
423,Syncopation
424,Release Pad
425,LegatoUnisonLead
426,Det Chords
427,Meteor
428,Section Z
429,TakeFivePlease
430,SlowWowRise
431,NasalPluck
432,FMGrindPiano
433,"12"" Piano"
434,Talking Lead
435,Waiting For
436,Pluck And Sus
437,Upright Bass
438,Midnight Romantic
439,Are Insects Electric
440,HeroicChord
441,Colours
442,Rubberbass
443,Cosmic Journey Pad
444,Find The Click
445,Scary
446,JustJuicy
447,Bob Who?
448,Obese!
449,SOR Lead
450,ChordM Shower
451,Square Dream
452,Solo Brass
453,Aazonia
454,RingGrinderArp
455,50sB-Feature
456,SynChronus
457,Sarazen
458,BriteNCheerful
459,Kenny K Pad
460,Youngod Cloud
461,BlowAmbience
462,Flohzirkus
463,Tiny Things
464,80's Sci-Fi
465,Regret Bells
466,Beat It
467,Sweeping Horizon
468,Paranoia Pulse
469,TribalTom
470,SoftSimpleSquares
471,TrillSync
472,Super Size Me
473,Pulseswell
474,AnvilsAndMetals
475,Clank Machine
476,Smooth Glide
477,Noise Drum
478,Broken Tube
479,Hollow Pad
480,Worrel-heim
481,Blake Twinkle
482,Pensive
483,SomethingWeird
484,AKindofSadness
485,Sunc Kyoto
486,Dimension Slide
487,Ruff Bass
488,OBratic Strings
489,Clany Metal Pots
490,Space Fart
491,BP Craziness
492,Pop Delays
493,GrowlyBass
494,Headcleaner
495,Waa
496,Electric Polyanno
497,Just Wait!
498,OberThereBass
499,SampleHoldComp